Tiempo (s) Serie Nº 1;Voltaje, Ch A (V) Serie Nº 1;Voltaje, Ch B (V) Serie Nº 1;Voltaje, Ch C (V) Serie Nº 1;Volum (cm³) Serie Nº 1;Pressió (kPa) Serie Nº 1;Temperatura (K) Serie Nº 1
0,000;1,016;0,942;0,244;80,92;101,56;298,90
0,005;1,016;0,942;0,249;81,07;101,56;298,90
0,010;1,016;0,942;0,244;80,92;101,56;298,90
0,015;1,016;0,937;0,244;80,92;101,56;298,58
0,020;1,016;0,947;0,249;81,07;101,56;299,21
0,025;1,021;0,937;0,249;81,07;102,05;298,58
0,030;1,021;0,942;0,244;80,92;102,05;298,90
0,035;1,016;0,942;0,244;80,92;101,56;298,90
0,040;1,016;0,942;0,244;80,92;101,56;298,90
0,045;1,016;0,942;0,249;81,07;101,56;298,90
0,050;1,016;0,942;0,249;81,07;101,56;298,90
0,055;1,016;0,942;0,244;80,92;101,56;298,90
0,060;1,016;0,942;0,249;81,07;101,56;298,90
0,065;1,016;0,942;0,244;80,92;101,56;298,90
0,070;1,016;0,942;0,249;81,07;101,56;298,90
0,075;1,016;0,937;0,249;81,07;101,56;298,58
0,080;1,021;0,947;0,244;80,92;102,05;299,21
0,085;1,016;0,942;0,249;81,07;101,56;298,90
0,090;1,021;0,942;0,244;80,92;102,05;298,90
0,095;1,016;0,942;0,249;81,07;101,56;298,90
0,100;1,021;0,942;0,244;80,92;102,05;298,90
0,105;1,021;0,942;0,249;81,07;102,05;298,90
0,110;1,016;0,942;0,244;80,92;101,56;298,90
0,115;1,021;0,942;0,244;80,92;102,05;298,90
0,120;1,016;0,942;0,249;81,07;101,56;298,90
0,125;1,021;0,942;0,244;80,92;102,05;298,90
0,130;1,016;0,942;0,244;80,92;101,56;298,90
0,135;1,016;0,942;0,249;81,07;101,56;298,90
0,140;1,016;0,942;0,244;80,92;101,56;298,90
0,145;1,016;0,942;0,249;81,07;101,56;298,90
0,150;1,021;0,942;0,249;81,07;102,05;298,90
0,155;1,021;0,942;0,244;80,92;102,05;298,90
0,160;1,016;0,942;0,249;81,07;101,56;298,90
0,165;1,021;0,942;0,244;80,92;102,05;298,90
0,170;1,016;0,942;0,249;81,07;101,56;298,90
0,175;1,021;0,942;0,254;81,22;102,05;298,90
0,180;1,016;0,942;0,249;81,07;101,56;298,90
0,185;1,021;0,942;0,244;80,92;102,05;298,90
0,190;1,016;0,942;0,249;81,07;101,56;298,90
0,195;1,021;0,942;0,249;81,07;102,05;298,90
0,200;1,016;0,942;0,244;80,92;101,56;298,90
0,205;1,016;0,942;0,244;80,92;101,56;298,90
0,210;1,016;0,947;0,249;81,07;101,56;299,21
0,215;1,016;0,937;0,249;81,07;101,56;298,58
0,220;1,016;0,942;0,244;80,92;101,56;298,90
0,225;1,016;0,942;0,249;81,07;101,56;298,90
0,230;1,016;0,942;0,244;80,92;101,56;298,90
0,235;1,016;0,942;0,244;80,92;101,56;298,90
0,240;1,016;0,942;0,249;81,07;101,56;298,90
0,245;1,016;0,937;0,249;81,07;101,56;298,58
0,250;1,016;0,942;0,244;80,92;101,56;298,90
0,255;1,016;0,942;0,244;80,92;101,56;298,90
0,260;1,016;0,942;0,249;81,07;101,56;298,90
0,265;1,016;0,942;0,244;80,92;101,56;298,90
0,270;1,016;0,942;0,244;80,92;101,56;298,90
0,275;1,016;0,942;0,249;81,07;101,56;298,90
0,280;1,016;0,942;0,244;80,92;101,56;298,90
0,285;1,025;0,942;0,259;81,37;102,54;298,90
0,290;1,016;0,942;0,244;80,92;101,56;298,90
0,295;1,016;0,942;0,254;81,22;101,56;298,90
0,300;1,016;0,942;0,249;81,07;101,56;298,90
0,305;1,021;0,942;0,244;80,92;102,05;298,90
0,310;1,016;0,942;0,244;80,92;101,56;298,90
0,315;1,021;0,942;0,244;80,92;102,05;298,90
0,320;1,016;0,942;0,244;80,92;101,56;298,90
0,325;1,016;0,942;0,244;80,92;101,56;298,90
0,330;1,021;0,937;0,244;80,92;102,05;298,58
0,335;1,016;0,942;0,244;80,92;101,56;298,90
0,340;1,016;0,942;0,249;81,07;101,56;298,90
0,345;1,016;0,947;0,244;80,92;101,56;299,21
0,350;1,016;0,942;0,249;81,07;101,56;298,90
0,355;1,021;0,947;0,244;80,92;102,05;299,21
0,360;1,016;0,942;0,244;80,92;101,56;298,90
0,365;1,021;0,947;0,244;80,92;102,05;299,21
0,370;1,021;0,937;0,249;81,07;102,05;298,58
0,375;1,016;0,942;0,244;80,92;101,56;298,90
0,380;1,016;0,942;0,239;80,76;101,56;298,90
0,385;1,021;0,942;0,239;80,76;102,05;298,90
0,390;1,016;0,937;0,234;80,61;101,56;298,58
0,395;1,021;0,942;0,264;81,53;102,05;298,90
0,400;1,016;0,942;0,259;81,37;101,56;298,90
0,405;1,021;0,942;0,244;80,92;102,05;298,90
0,410;1,016;0,942;0,234;80,61;101,56;298,90
0,415;1,016;0,942;0,249;81,07;101,56;298,90
0,420;1,021;0,937;0,244;80,92;102,05;298,58
0,425;1,016;0,942;0,244;80,92;101,56;298,90
0,430;1,016;0,942;0,244;80,92;101,56;298,90
0,435;1,021;0,942;0,249;81,07;102,05;298,90
0,440;1,016;0,942;0,249;81,07;101,56;298,90
0,445;1,016;0,942;0,244;80,92;101,56;298,90
0,450;1,016;0,942;0,249;81,07;101,56;298,90
0,455;1,021;0,942;0,244;80,92;102,05;298,90
0,460;1,016;0,942;0,244;80,92;101,56;298,90
0,465;1,016;0,942;0,244;80,92;101,56;298,90
0,470;1,016;0,937;0,244;80,92;101,56;298,58
0,475;1,016;0,942;0,244;80,92;101,56;298,90
0,480;1,021;0,942;0,244;80,92;102,05;298,90
0,485;1,021;0,942;0,244;80,92;102,05;298,90
0,490;1,016;0,942;0,249;81,07;101,56;298,90
0,495;1,016;0,942;0,244;80,92;101,56;298,90
0,500;1,016;0,942;0,249;81,07;101,56;298,90
0,505;1,016;0,937;0,244;80,92;101,56;298,58
0,510;1,016;0,942;0,244;80,92;101,56;298,90
0,515;1,016;0,942;0,249;81,07;101,56;298,90
0,520;1,016;0,937;0,244;80,92;101,56;298,58
0,525;1,016;0,942;0,249;81,07;101,56;298,90
0,530;1,016;0,942;0,249;81,07;101,56;298,90
0,535;1,016;0,942;0,244;80,92;101,56;298,90
0,540;1,016;0,942;0,244;80,92;101,56;298,90
0,545;1,021;0,942;0,244;80,92;102,05;298,90
0,550;1,021;0,942;0,244;80,92;102,05;298,90
0,555;1,016;0,942;0,249;81,07;101,56;298,90
0,560;1,016;0,942;0,244;80,92;101,56;298,90
0,565;1,016;0,942;0,244;80,92;101,56;298,90
0,570;1,016;0,942;0,249;81,07;101,56;298,90
0,575;1,016;0,942;0,249;81,07;101,56;298,90
0,580;1,016;0,942;0,249;81,07;101,56;298,90
0,585;1,021;0,942;0,244;80,92;102,05;298,90
0,590;1,016;0,942;0,249;81,07;101,56;298,90
0,595;1,016;0,942;0,244;80,92;101,56;298,90
0,600;1,016;0,942;0,244;80,92;101,56;298,90
0,605;1,016;0,937;0,244;80,92;101,56;298,58
0,610;1,016;0,942;0,244;80,92;101,56;298,90
0,615;1,016;0,942;0,249;81,07;101,56;298,90
0,620;1,016;0,942;0,244;80,92;101,56;298,90
0,625;1,016;0,937;0,244;80,92;101,56;298,58
0,630;1,016;0,942;0,249;81,07;101,56;298,90
0,635;1,016;0,942;0,254;81,22;101,56;298,90
0,640;1,016;0,942;0,249;81,07;101,56;298,90
0,645;1,016;0,942;0,244;80,92;101,56;298,90
0,650;1,016;0,942;0,244;80,92;101,56;298,90
0,655;1,016;0,942;0,244;80,92;101,56;298,90
0,660;1,016;0,942;0,244;80,92;101,56;298,90
0,665;1,016;0,942;0,249;81,07;101,56;298,90
0,670;1,016;0,942;0,244;80,92;101,56;298,90
0,675;1,016;0,947;0,249;81,07;101,56;299,21
0,680;1,016;0,942;0,244;80,92;101,56;298,90
0,685;1,016;0,942;0,244;80,92;101,56;298,90
0,690;1,016;0,942;0,244;80,92;101,56;298,90
0,695;1,016;0,942;0,244;80,92;101,56;298,90
0,700;1,016;0,942;0,244;80,92;101,56;298,90
0,705;1,016;0,942;0,249;81,07;101,56;298,90
0,710;1,016;0,942;0,244;80,92;101,56;298,90
0,715;1,021;0,942;0,249;81,07;102,05;298,90
0,720;1,016;0,937;0,249;81,07;101,56;298,58
0,725;1,016;0,942;0,249;81,07;101,56;298,90
0,730;1,011;0,942;0,249;81,07;101,07;298,90
0,735;1,016;0,942;0,244;80,92;101,56;298,90
0,740;1,016;0,942;0,249;81,07;101,56;298,90
0,745;1,016;0,942;0,244;80,92;101,56;298,90
0,750;1,016;0,942;0,244;80,92;101,56;298,90
0,755;1,016;0,942;0,249;81,07;101,56;298,90
0,760;1,016;0,937;0,244;80,92;101,56;298,58
0,765;1,016;0,942;0,249;81,07;101,56;298,90
0,770;1,021;0,942;0,244;80,92;102,05;298,90
0,775;1,016;0,942;0,249;81,07;101,56;298,90
0,780;1,016;0,937;0,244;80,92;101,56;298,58
0,785;1,016;0,942;0,244;80,92;101,56;298,90
0,790;1,016;0,942;0,249;81,07;101,56;298,90
0,795;1,016;0,942;0,244;80,92;101,56;298,90
0,800;1,016;0,942;0,249;81,07;101,56;298,90
0,805;1,016;0,942;0,249;81,07;101,56;298,90
0,810;1,016;0,942;0,244;80,92;101,56;298,90
0,815;1,016;0,942;0,249;81,07;101,56;298,90
0,820;1,016;0,942;0,244;80,92;101,56;298,90
0,825;1,016;0,942;0,249;81,07;101,56;298,90
0,830;1,016;0,942;0,244;80,92;101,56;298,90
0,835;1,016;0,937;0,244;80,92;101,56;298,58
0,840;1,016;0,942;0,249;81,07;101,56;298,90
0,845;1,016;0,947;0,244;80,92;101,56;299,21
0,850;1,016;0,942;0,249;81,07;101,56;298,90
0,855;1,016;0,933;0,244;80,92;101,56;298,26
0,860;1,021;0,942;0,244;80,92;102,05;298,90
0,865;1,016;0,942;0,249;81,07;101,56;298,90
0,870;1,016;0,942;0,244;80,92;101,56;298,90
0,875;1,016;0,947;0,244;80,92;101,56;299,21
0,880;1,021;0,942;0,244;80,92;102,05;298,90
0,885;1,025;0,942;0,249;81,07;102,54;298,90
0,890;1,016;0,942;0,244;80,92;101,56;298,90
0,895;1,021;0,937;0,254;81,22;102,05;298,58
0,900;1,016;0,942;0,249;81,07;101,56;298,90
0,905;1,016;0,942;0,244;80,92;101,56;298,90
0,910;1,016;0,942;0,239;80,76;101,56;298,90
0,915;1,016;0,942;0,244;80,92;101,56;298,90
0,920;1,016;0,942;0,244;80,92;101,56;298,90
0,925;1,016;0,942;0,244;80,92;101,56;298,90
0,930;1,016;0,942;0,244;80,92;101,56;298,90
0,935;1,016;0,942;0,244;80,92;101,56;298,90
0,940;1,016;0,947;0,249;81,07;101,56;299,21
0,945;1,016;0,947;0,244;80,92;101,56;299,21
0,950;1,016;0,947;0,249;81,07;101,56;299,21
0,955;1,016;0,947;0,244;80,92;101,56;299,21
0,960;1,021;0,942;0,244;80,92;102,05;298,90
0,965;1,016;0,933;0,244;80,92;101,56;298,26
0,970;1,016;0,942;0,244;80,92;101,56;298,90
0,975;1,021;0,947;0,249;81,07;102,05;299,21
0,980;1,011;0,942;0,249;81,07;101,07;298,90
0,985;1,016;0,947;0,244;80,92;101,56;299,21
0,990;1,016;0,942;0,239;80,76;101,56;298,90
0,995;1,016;0,942;0,244;80,92;101,56;298,90
1,000;1,016;0,942;0,254;81,22;101,56;298,90
1,005;1,016;0,942;0,264;81,53;101,56;298,90
1,010;1,021;0,942;0,244;80,92;102,05;298,90
1,015;1,016;0,942;0,239;80,76;101,56;298,90
1,020;1,016;0,942;0,244;80,92;101,56;298,90
1,025;1,016;0,942;0,249;81,07;101,56;298,90
1,030;1,016;0,942;0,249;81,07;101,56;298,90
1,035;1,016;0,942;0,244;80,92;101,56;298,90
1,040;1,016;0,942;0,249;81,07;101,56;298,90
1,045;1,016;0,942;0,244;80,92;101,56;298,90
1,050;1,016;0,942;0,244;80,92;101,56;298,90
1,055;1,016;0,937;0,249;81,07;101,56;298,58
1,060;1,016;0,942;0,244;80,92;101,56;298,90
1,065;1,016;0,942;0,244;80,92;101,56;298,90
1,070;1,016;0,942;0,244;80,92;101,56;298,90
1,075;1,016;0,942;0,249;81,07;101,56;298,90
1,080;1,016;0,942;0,249;81,07;101,56;298,90
1,085;1,016;0,942;0,244;80,92;101,56;298,90
1,090;1,016;0,942;0,249;81,07;101,56;298,90
1,095;1,021;0,942;0,244;80,92;102,05;298,90
1,100;1,016;0,942;0,244;80,92;101,56;298,90
1,105;1,016;0,942;0,249;81,07;101,56;298,90
1,110;1,016;0,942;0,244;80,92;101,56;298,90
1,115;1,016;0,937;0,244;80,92;101,56;298,58
1,120;1,016;0,937;0,244;80,92;101,56;298,58
1,125;1,016;0,942;0,249;81,07;101,56;298,90
1,130;1,021;0,942;0,249;81,07;102,05;298,90
1,135;1,016;0,942;0,234;80,61;101,56;298,90
1,140;1,016;0,942;0,249;81,07;101,56;298,90
1,145;1,016;0,942;0,249;81,07;101,56;298,90
1,150;1,016;0,942;0,249;81,07;101,56;298,90
1,155;1,016;0,942;0,249;81,07;101,56;298,90
1,160;1,016;0,937;0,244;80,92;101,56;298,58
1,165;1,016;0,942;0,249;81,07;101,56;298,90
1,170;1,016;0,942;0,249;81,07;101,56;298,90
1,175;1,016;0,942;0,249;81,07;101,56;298,90
1,180;1,016;0,942;0,244;80,92;101,56;298,90
1,185;1,016;0,942;0,244;80,92;101,56;298,90
1,190;1,016;0,947;0,249;81,07;101,56;299,21
1,195;1,016;0,942;0,249;81,07;101,56;298,90
1,200;1,016;0,942;0,244;80,92;101,56;298,90
1,205;1,011;0,947;0,244;80,92;101,07;299,21
1,210;1,016;0,942;0,244;80,92;101,56;298,90
1,215;1,016;0,942;0,249;81,07;101,56;298,90
1,220;1,016;0,942;0,244;80,92;101,56;298,90
1,225;1,016;0,942;0,249;81,07;101,56;298,90
1,230;1,016;0,942;0,244;80,92;101,56;298,90
1,235;1,016;0,942;0,244;80,92;101,56;298,90
1,240;1,016;0,942;0,244;80,92;101,56;298,90
1,245;1,016;0,942;0,249;81,07;101,56;298,90
1,250;1,016;0,942;0,244;80,92;101,56;298,90
1,255;1,016;0,942;0,244;80,92;101,56;298,90
1,260;1,016;0,942;0,244;80,92;101,56;298,90
1,265;1,016;0,942;0,249;81,07;101,56;298,90
1,270;1,016;0,942;0,244;80,92;101,56;298,90
1,275;1,016;0,942;0,249;81,07;101,56;298,90
1,280;1,016;0,942;0,249;81,07;101,56;298,90
1,285;1,016;0,937;0,244;80,92;101,56;298,58
1,290;1,016;0,942;0,249;81,07;101,56;298,90
1,295;1,016;0,942;0,244;80,92;101,56;298,90
1,300;1,016;0,942;0,244;80,92;101,56;298,90
1,305;1,016;0,942;0,249;81,07;101,56;298,90
1,310;1,021;0,942;0,249;81,07;102,05;298,90
1,315;1,016;0,942;0,254;81,22;101,56;298,90
1,320;1,016;0,942;0,244;80,92;101,56;298,90
1,325;1,016;0,942;0,244;80,92;101,56;298,90
1,330;1,011;0,942;0,249;81,07;101,07;298,90
1,335;1,016;0,942;0,249;81,07;101,56;298,90
1,340;1,021;0,942;0,249;81,07;102,05;298,90
1,345;1,016;0,942;0,249;81,07;101,56;298,90
1,350;1,016;0,942;0,244;80,92;101,56;298,90
1,355;1,016;0,937;0,249;81,07;101,56;298,58
1,360;1,016;0,942;0,244;80,92;101,56;298,90
1,365;1,016;0,942;0,244;80,92;101,56;298,90
1,370;1,016;0,942;0,249;81,07;101,56;298,90
1,375;1,025;0,942;0,244;80,92;102,54;298,90
1,380;1,016;0,942;0,249;81,07;101,56;298,90
1,385;1,016;0,942;0,244;80,92;101,56;298,90
1,390;1,016;0,942;0,249;81,07;101,56;298,90
1,395;1,016;0,937;0,249;81,07;101,56;298,58
1,400;1,016;0,942;0,244;80,92;101,56;298,90
1,405;1,016;0,942;0,244;80,92;101,56;298,90
1,410;1,016;0,942;0,249;81,07;101,56;298,90
1,415;1,016;0,942;0,234;80,61;101,56;298,90
1,420;1,016;0,942;0,249;81,07;101,56;298,90
1,425;1,021;0,942;0,244;80,92;102,05;298,90
1,430;1,016;0,942;0,249;81,07;101,56;298,90
1,435;1,016;0,942;0,244;80,92;101,56;298,90
1,440;1,016;0,942;0,244;80,92;101,56;298,90
1,445;1,016;0,937;0,249;81,07;101,56;298,58
1,450;1,021;0,942;0,244;80,92;102,05;298,90
1,455;1,016;0,947;0,249;81,07;101,56;299,21
1,460;1,016;0,942;0,244;80,92;101,56;298,90
1,465;1,016;0,957;0,249;81,07;101,56;299,85
1,470;1,016;0,942;0,244;80,92;101,56;298,90
1,475;1,016;0,942;0,249;81,07;101,56;298,90
1,480;1,016;0,942;0,244;80,92;101,56;298,90
1,485;1,016;0,942;0,244;80,92;101,56;298,90
1,490;1,016;0,942;0,244;80,92;101,56;298,90
1,495;1,021;0,942;0,239;80,76;102,05;298,90
1,500;1,016;0,942;0,249;81,07;101,56;298,90
1,505;1,011;0,942;0,259;81,37;101,07;298,90
1,510;1,016;0,942;0,244;80,92;101,56;298,90
1,515;1,016;0,942;0,244;80,92;101,56;298,90
1,520;1,016;0,942;0,249;81,07;101,56;298,90
1,525;1,016;0,942;0,244;80,92;101,56;298,90
1,530;1,016;0,942;0,249;81,07;101,56;298,90
1,535;1,016;0,942;0,249;81,07;101,56;298,90
1,540;1,016;0,947;0,244;80,92;101,56;299,21
1,545;1,016;0,942;0,249;81,07;101,56;298,90
1,550;1,016;0,937;0,244;80,92;101,56;298,58
1,555;1,016;0,942;0,244;80,92;101,56;298,90
1,560;1,021;0,942;0,249;81,07;102,05;298,90
1,565;1,021;0,952;0,244;80,92;102,05;299,53
1,570;1,016;0,942;0,244;80,92;101,56;298,90
1,575;1,016;0,947;0,244;80,92;101,56;299,21
1,580;1,016;0,942;0,249;81,07;101,56;298,90
1,585;1,016;0,942;0,244;80,92;101,56;298,90
1,590;1,016;0,942;0,239;80,76;101,56;298,90
1,595;1,016;0,942;0,249;81,07;101,56;298,90
1,600;1,021;0,942;0,244;80,92;102,05;298,90
1,605;1,016;0,937;0,244;80,92;101,56;298,58
1,610;1,016;0,942;0,244;80,92;101,56;298,90
1,615;1,016;0,942;0,234;80,61;101,56;298,90
1,620;1,016;0,942;0,249;81,07;101,56;298,90
1,625;1,016;0,942;0,244;80,92;101,56;298,90
1,630;1,016;0,942;0,249;81,07;101,56;298,90
1,635;1,016;0,942;0,249;81,07;101,56;298,90
1,640;1,016;0,942;0,244;80,92;101,56;298,90
1,645;1,021;0,942;0,244;80,92;102,05;298,90
1,650;1,016;0,942;0,244;80,92;101,56;298,90
1,655;1,016;0,942;0,244;80,92;101,56;298,90
1,660;1,016;0,942;0,244;80,92;101,56;298,90
1,665;1,016;0,942;0,244;80,92;101,56;298,90
1,670;1,016;0,942;0,249;81,07;101,56;298,90
1,675;1,016;0,937;0,244;80,92;101,56;298,58
1,680;1,016;0,942;0,249;81,07;101,56;298,90
1,685;1,016;0,942;0,249;81,07;101,56;298,90
1,690;1,016;0,942;0,244;80,92;101,56;298,90
1,695;1,016;0,942;0,244;80,92;101,56;298,90
1,700;1,016;0,942;0,244;80,92;101,56;298,90
1,705;1,016;0,942;0,244;80,92;101,56;298,90
1,710;1,016;0,942;0,249;81,07;101,56;298,90
1,715;1,016;0,942;0,244;80,92;101,56;298,90
1,720;1,016;0,942;0,249;81,07;101,56;298,90
1,725;1,016;0,942;0,244;80,92;101,56;298,90
1,730;1,021;0,942;0,244;80,92;102,05;298,90
1,735;1,016;0,942;0,244;80,92;101,56;298,90
1,740;1,016;0,942;0,244;80,92;101,56;298,90
1,745;1,016;0,942;0,244;80,92;101,56;298,90
1,750;1,016;0,937;0,249;81,07;101,56;298,58
1,755;1,021;0,947;0,244;80,92;102,05;299,21
1,760;1,016;0,942;0,249;81,07;101,56;298,90
1,765;1,016;0,942;0,244;80,92;101,56;298,90
1,770;1,016;0,942;0,249;81,07;101,56;298,90
1,775;1,016;0,942;0,244;80,92;101,56;298,90
1,780;1,016;0,942;0,244;80,92;101,56;298,90
1,785;1,016;0,937;0,249;81,07;101,56;298,58
1,790;1,016;0,937;0,244;80,92;101,56;298,58
1,795;1,016;0,942;0,244;80,92;101,56;298,90
1,800;1,016;0,937;0,244;80,92;101,56;298,58
1,805;1,016;0,942;0,244;80,92;101,56;298,90
1,810;1,016;0,942;0,244;80,92;101,56;298,90
1,815;1,016;0,937;0,244;80,92;101,56;298,58
1,820;1,016;0,942;0,249;81,07;101,56;298,90
1,825;1,016;0,942;0,249;81,07;101,56;298,90
1,830;1,016;0,937;0,244;80,92;101,56;298,58
1,835;1,016;0,942;0,249;81,07;101,56;298,90
1,840;1,016;0,942;0,244;80,92;101,56;298,90
1,845;1,021;0,942;0,244;80,92;102,05;298,90
1,850;1,011;0,942;0,249;81,07;101,07;298,90
1,855;1,016;0,942;0,249;81,07;101,56;298,90
1,860;1,016;0,942;0,244;80,92;101,56;298,90
1,865;1,016;0,937;0,249;81,07;101,56;298,58
1,870;1,016;0,942;0,244;80,92;101,56;298,90
1,875;1,016;0,942;0,244;80,92;101,56;298,90
1,880;1,016;0,942;0,249;81,07;101,56;298,90
1,885;1,016;0,942;0,254;81,22;101,56;298,90
1,890;1,016;0,942;0,249;81,07;101,56;298,90
1,895;1,016;0,942;0,244;80,92;101,56;298,90
1,900;1,016;0,942;0,249;81,07;101,56;298,90
1,905;1,021;0,942;0,249;81,07;102,05;298,90
1,910;1,016;0,942;0,249;81,07;101,56;298,90
1,915;1,016;0,942;0,254;81,22;101,56;298,90
1,920;1,016;0,942;0,244;80,92;101,56;298,90
1,925;1,016;0,942;0,249;81,07;101,56;298,90
1,930;1,016;0,942;0,244;80,92;101,56;298,90
1,935;1,016;0,942;0,244;80,92;101,56;298,90
1,940;1,016;0,942;0,244;80,92;101,56;298,90
1,945;1,016;0,942;0,244;80,92;101,56;298,90
1,950;1,016;0,942;0,244;80,92;101,56;298,90
1,955;1,016;0,942;0,249;81,07;101,56;298,90
1,960;1,016;0,942;0,244;80,92;101,56;298,90
1,965;1,011;0,942;0,249;81,07;101,07;298,90
1,970;1,016;0,937;0,244;80,92;101,56;298,58
1,975;1,016;0,942;0,249;81,07;101,56;298,90
1,980;1,016;0,942;0,244;80,92;101,56;298,90
1,985;1,021;0,947;0,244;80,92;102,05;299,21
1,990;1,016;0,942;0,249;81,07;101,56;298,90
1,995;1,016;0,937;0,244;80,92;101,56;298,58
2,000;1,016;0,942;0,249;81,07;101,56;298,90
2,005;1,016;0,942;0,244;80,92;101,56;298,90
2,010;1,016;0,942;0,244;80,92;101,56;298,90
2,015;1,011;0,942;0,249;81,07;101,07;298,90
2,020;1,016;0,942;0,249;81,07;101,56;298,90
2,025;1,016;0,942;0,249;81,07;101,56;298,90
2,030;1,016;0,942;0,244;80,92;101,56;298,90
2,035;1,016;0,942;0,244;80,92;101,56;298,90
2,040;1,016;0,947;0,244;80,92;101,56;299,21
2,045;1,016;0,937;0,249;81,07;101,56;298,58
2,050;1,016;0,942;0,249;81,07;101,56;298,90
2,055;1,016;0,942;0,244;80,92;101,56;298,90
2,060;1,016;0,942;0,244;80,92;101,56;298,90
2,065;1,016;0,952;0,249;81,07;101,56;299,53
2,070;1,016;0,942;0,249;81,07;101,56;298,90
2,075;1,016;0,942;0,244;80,92;101,56;298,90
2,080;1,016;0,942;0,249;81,07;101,56;298,90
2,085;1,016;0,942;0,244;80,92;101,56;298,90
2,090;1,016;0,942;0,244;80,92;101,56;298,90
2,095;1,021;0,942;0,249;81,07;102,05;298,90
2,100;1,016;0,947;0,244;80,92;101,56;299,21
2,105;1,016;0,942;0,239;80,76;101,56;298,90
2,110;1,016;0,942;0,244;80,92;101,56;298,90
2,115;1,016;0,942;0,259;81,37;101,56;298,90
2,120;1,016;0,937;0,244;80,92;101,56;298,58
2,125;1,016;0,942;0,244;80,92;101,56;298,90
2,130;1,016;0,942;0,249;81,07;101,56;298,90
2,135;1,016;0,942;0,244;80,92;101,56;298,90
2,140;1,016;0,942;0,249;81,07;101,56;298,90
2,145;1,016;0,937;0,249;81,07;101,56;298,58
2,150;1,016;0,942;0,244;80,92;101,56;298,90
2,155;1,016;0,942;0,244;80,92;101,56;298,90
2,160;1,016;0,937;0,244;80,92;101,56;298,58
2,165;1,016;0,937;0,244;80,92;101,56;298,58
2,170;1,016;0,942;0,244;80,92;101,56;298,90
2,175;1,016;0,942;0,244;80,92;101,56;298,90
2,180;1,016;0,942;0,249;81,07;101,56;298,90
2,185;1,016;0,942;0,249;81,07;101,56;298,90
2,190;1,016;0,942;0,249;81,07;101,56;298,90
2,195;1,016;0,942;0,249;81,07;101,56;298,90
2,200;1,016;0,942;0,249;81,07;101,56;298,90
2,205;1,016;0,942;0,249;81,07;101,56;298,90
2,210;1,016;0,942;0,244;80,92;101,56;298,90
2,215;1,016;0,942;0,244;80,92;101,56;298,90
2,220;1,016;0,942;0,244;80,92;101,56;298,90
2,225;1,016;0,947;0,239;80,76;101,56;299,21
2,230;1,016;0,942;0,249;81,07;101,56;298,90
2,235;1,016;0,942;0,259;81,37;101,56;298,90
2,240;1,016;0,942;0,249;81,07;101,56;298,90
2,245;1,016;0,942;0,249;81,07;101,56;298,90
2,250;1,016;0,942;0,244;80,92;101,56;298,90
2,255;1,016;0,942;0,249;81,07;101,56;298,90
2,260;1,016;0,942;0,244;80,92;101,56;298,90
2,265;1,016;0,937;0,249;81,07;101,56;298,58
2,270;1,016;0,942;0,249;81,07;101,56;298,90
2,275;1,016;0,942;0,244;80,92;101,56;298,90
2,280;1,016;0,942;0,244;80,92;101,56;298,90
2,285;1,016;0,937;0,244;80,92;101,56;298,58
2,290;1,016;0,942;0,249;81,07;101,56;298,90
2,295;1,016;0,942;0,249;81,07;101,56;298,90
2,300;1,016;0,942;0,244;80,92;101,56;298,90
2,305;1,011;0,942;0,249;81,07;101,07;298,90
2,310;1,016;0,942;0,244;80,92;101,56;298,90
2,315;1,016;0,942;0,244;80,92;101,56;298,90
2,320;1,016;0,937;0,249;81,07;101,56;298,58
2,325;1,016;0,942;0,244;80,92;101,56;298,90
2,330;1,016;0,942;0,249;81,07;101,56;298,90
2,335;1,021;0,942;0,249;81,07;102,05;298,90
2,340;1,016;0,942;0,249;81,07;101,56;298,90
2,345;1,016;0,942;0,249;81,07;101,56;298,90
2,350;1,016;0,942;0,244;80,92;101,56;298,90
2,355;1,016;0,947;0,249;81,07;101,56;299,21
2,360;1,016;0,942;0,244;80,92;101,56;298,90
2,365;1,016;0,937;0,249;81,07;101,56;298,58
2,370;1,016;0,942;0,244;80,92;101,56;298,90
2,375;1,016;0,937;0,244;80,92;101,56;298,58
2,380;1,016;0,942;0,249;81,07;101,56;298,90
2,385;1,021;0,942;0,244;80,92;102,05;298,90
2,390;1,016;0,942;0,244;80,92;101,56;298,90
2,395;1,016;0,942;0,244;80,92;101,56;298,90
2,400;1,016;0,942;0,244;80,92;101,56;298,90
2,405;1,016;0,942;0,249;81,07;101,56;298,90
2,410;1,016;0,942;0,249;81,07;101,56;298,90
2,415;1,016;0,947;0,244;80,92;101,56;299,21
2,420;1,016;0,942;0,249;81,07;101,56;298,90
2,425;1,016;0,942;0,244;80,92;101,56;298,90
2,430;1,016;0,942;0,249;81,07;101,56;298,90
2,435;1,016;0,942;0,244;80,92;101,56;298,90
2,440;1,016;0,942;0,244;80,92;101,56;298,90
2,445;1,011;0,942;0,249;81,07;101,07;298,90
2,450;1,016;0,942;0,244;80,92;101,56;298,90
2,455;1,016;0,942;0,249;81,07;101,56;298,90
2,460;1,016;0,942;0,249;81,07;101,56;298,90
2,465;1,016;0,942;0,244;80,92;101,56;298,90
2,470;1,016;0,942;0,249;81,07;101,56;298,90
2,475;1,016;0,942;0,244;80,92;101,56;298,90
2,480;1,016;0,942;0,244;80,92;101,56;298,90
2,485;1,016;0,942;0,249;81,07;101,56;298,90
2,490;1,016;0,942;0,249;81,07;101,56;298,90
2,495;1,011;0,947;0,244;80,92;101,07;299,21
2,500;1,016;0,942;0,249;81,07;101,56;298,90
2,505;1,016;0,942;0,249;81,07;101,56;298,90
2,510;1,016;0,942;0,244;80,92;101,56;298,90
2,515;1,016;0,942;0,244;80,92;101,56;298,90
2,520;1,016;0,942;0,244;80,92;101,56;298,90
2,525;1,021;0,942;0,244;80,92;102,05;298,90
2,530;1,016;0,942;0,244;80,92;101,56;298,90
2,535;1,016;0,942;0,244;80,92;101,56;298,90
2,540;1,016;0,942;0,244;80,92;101,56;298,90
2,545;1,016;0,942;0,249;81,07;101,56;298,90
2,550;1,016;0,942;0,244;80,92;101,56;298,90
2,555;1,016;0,942;0,249;81,07;101,56;298,90
2,560;1,016;0,942;0,244;80,92;101,56;298,90
2,565;1,016;0,942;0,244;80,92;101,56;298,90
2,570;1,016;0,942;0,249;81,07;101,56;298,90
2,575;1,016;0,942;0,244;80,92;101,56;298,90
2,580;1,016;0,942;0,244;80,92;101,56;298,90
2,585;1,011;0,942;0,249;81,07;101,07;298,90
2,590;1,016;0,942;0,244;80,92;101,56;298,90
2,595;1,016;0,942;0,264;81,53;101,56;298,90
2,600;1,016;0,942;0,244;80,92;101,56;298,90
2,605;1,021;0,942;0,244;80,92;102,05;298,90
2,610;1,016;0,937;0,249;81,07;101,56;298,58
2,615;1,016;0,937;0,244;80,92;101,56;298,58
2,620;1,016;0,942;0,244;80,92;101,56;298,90
2,625;1,016;0,942;0,244;80,92;101,56;298,90
2,630;1,016;0,942;0,244;80,92;101,56;298,90
2,635;1,011;0,937;0,249;81,07;101,07;298,58
2,640;1,016;0,942;0,244;80,92;101,56;298,90
2,645;1,016;0,937;0,249;81,07;101,56;298,58
2,650;1,016;0,937;0,244;80,92;101,56;298,58
2,655;1,016;0,937;0,244;80,92;101,56;298,58
2,660;1,016;0,942;0,249;81,07;101,56;298,90
2,665;1,016;0,937;0,244;80,92;101,56;298,58
2,670;1,016;0,942;0,249;81,07;101,56;298,90
2,675;1,016;0,937;0,244;80,92;101,56;298,58
2,680;1,016;0,942;0,244;80,92;101,56;298,90
2,685;1,016;0,942;0,249;81,07;101,56;298,90
2,690;1,016;0,942;0,249;81,07;101,56;298,90
2,695;1,016;0,942;0,244;80,92;101,56;298,90
2,700;1,016;0,942;0,249;81,07;101,56;298,90
2,705;1,011;0,942;0,239;80,76;101,07;298,90
2,710;1,016;0,942;0,249;81,07;101,56;298,90
2,715;1,016;0,942;0,264;81,53;101,56;298,90
2,720;1,016;0,942;0,244;80,92;101,56;298,90
2,725;1,016;0,942;0,234;80,61;101,56;298,90
2,730;1,016;0,942;0,244;80,92;101,56;298,90
2,735;1,016;0,942;0,249;81,07;101,56;298,90
2,740;1,016;0,937;0,249;81,07;101,56;298,58
2,745;1,016;0,937;0,244;80,92;101,56;298,58
2,750;1,016;0,942;0,244;80,92;101,56;298,90
2,755;1,016;0,947;0,244;80,92;101,56;299,21
2,760;1,016;0,942;0,249;81,07;101,56;298,90
2,765;1,016;0,937;0,244;80,92;101,56;298,58
2,770;1,016;0,947;0,249;81,07;101,56;299,21
2,775;1,016;0,942;0,249;81,07;101,56;298,90
2,780;1,016;0,942;0,244;80,92;101,56;298,90
2,785;1,016;0,942;0,249;81,07;101,56;298,90
2,790;1,016;0,942;0,244;80,92;101,56;298,90
2,795;1,016;0,947;0,249;81,07;101,56;299,21
2,800;1,011;0,942;0,249;81,07;101,07;298,90
2,805;1,025;0,942;0,249;81,07;102,54;298,90
2,810;1,016;0,942;0,244;80,92;101,56;298,90
2,815;1,016;0,942;0,239;80,76;101,56;298,90
2,820;1,016;0,947;0,244;80,92;101,56;299,21
2,825;1,016;0,952;0,244;80,92;101,56;299,53
2,830;1,016;0,942;0,249;81,07;101,56;298,90
2,835;1,016;0,942;0,249;81,07;101,56;298,90
2,840;1,016;0,942;0,244;80,92;101,56;298,90
2,845;1,016;0,942;0,244;80,92;101,56;298,90
2,850;1,016;0,942;0,249;81,07;101,56;298,90
2,855;1,016;0,942;0,249;81,07;101,56;298,90
2,860;1,016;0,942;0,244;80,92;101,56;298,90
2,865;1,016;0,942;0,249;81,07;101,56;298,90
2,870;1,016;0,942;0,249;81,07;101,56;298,90
2,875;1,011;0,942;0,249;81,07;101,07;298,90
2,880;1,016;0,942;0,244;80,92;101,56;298,90
2,885;1,016;0,937;0,249;81,07;101,56;298,58
2,890;1,016;0,942;0,249;81,07;101,56;298,90
2,895;1,016;0,942;0,249;81,07;101,56;298,90
2,900;1,011;0,942;0,254;81,22;101,07;298,90
2,905;1,011;0,937;0,254;81,22;101,07;298,58
2,910;1,011;0,942;0,269;81,68;101,07;298,90
2,915;1,001;0,937;0,283;82,14;100,10;298,58
2,920;0,986;0,933;0,312;83,05;98,63;298,26
2,925;0,962;0,928;0,356;84,42;96,19;297,94
2,930;0,952;0,918;0,410;86,10;95,21;297,31
2,935;0,923;0,908;0,479;88,23;92,29;296,67
2,940;0,898;0,889;0,557;90,67;89,84;295,40
2,945;0,869;0,874;0,645;93,41;86,91;294,44
2,950;0,835;0,850;0,747;96,61;83,50;292,85
2,955;0,806;0,825;0,864;100,26;80,57;291,26
2,960;0,771;0,801;0,991;104,23;77,15;289,67
2,965;0,742;0,767;1,123;108,34;74,22;287,44
2,970;0,708;0,742;1,265;112,76;70,80;285,85
2,975;0,674;0,708;1,426;117,78;67,38;283,63
2,980;0,649;0,674;1,577;122,51;64,94;281,40
2,985;0,625;0,645;1,743;127,69;62,50;279,49
2,990;0,596;0,610;1,914;133,02;59,57;277,26
2,995;0,571;0,586;2,080;138,20;57,13;275,67
3,000;0,552;0,566;2,256;143,68;55,18;274,40
3,005;0,537;0,547;2,427;149,01;53,71;273,13
3,010;0,518;0,527;2,603;154,50;51,76;271,86
3,015;0,503;0,508;2,778;159,98;50,29;270,58
3,020;0,488;0,493;2,944;165,16;48,83;269,63
3,025;0,474;0,479;3,105;170,19;47,36;268,68
3,030;0,469;0,464;3,262;175,07;46,88;267,72
3,035;0,454;0,454;3,418;179,94;45,41;267,08
3,040;0,439;0,439;3,564;184,51;43,95;266,13
3,045;0,435;0,430;3,711;189,08;43,46;265,49
3,050;0,425;0,420;3,848;193,35;42,48;264,86
3,055;0,415;0,410;3,984;197,61;41,50;264,22
3,060;0,405;0,400;4,111;201,57;40,53;263,59
3,065;0,400;0,391;4,233;205,38;40,04;262,95
3,070;0,396;0,386;4,341;208,73;39,55;262,63
3,075;0,386;0,376;4,448;212,09;38,57;261,99
3,080;0,396;0,371;4,521;214,37;39,55;261,68
3,085;0,386;0,366;4,517;214,22;38,57;261,36
3,090;0,386;0,361;4,521;214,37;38,57;261,04
3,095;0,391;0,361;4,517;214,22;39,06;261,04
3,100;0,391;0,361;4,521;214,37;39,06;261,04
3,105;0,391;0,371;4,517;214,22;39,06;261,68
3,110;0,391;0,366;4,521;214,37;39,06;261,36
3,115;0,391;0,366;4,521;214,37;39,06;261,36
3,120;0,391;0,371;4,517;214,22;39,06;261,68
3,125;0,391;0,371;4,531;214,68;39,06;261,68
3,130;0,396;0,371;4,517;214,22;39,55;261,68
3,135;0,396;0,376;4,517;214,22;39,55;261,99
3,140;0,391;0,376;4,521;214,37;39,06;261,99
3,145;0,396;0,381;4,517;214,22;39,55;262,31
3,150;0,391;0,381;4,517;214,22;39,06;262,31
3,155;0,396;0,381;4,517;214,22;39,55;262,31
3,160;0,396;0,391;4,517;214,22;39,55;262,95
3,165;0,391;0,391;4,517;214,22;39,06;262,95
3,170;0,396;0,391;4,512;214,07;39,55;262,95
3,175;0,400;0,391;4,468;212,69;40,04;262,95
3,180;0,400;0,391;4,429;211,48;40,04;262,95
3,185;0,405;0,400;4,399;210,56;40,53;263,59
3,190;0,405;0,400;4,360;209,34;40,53;263,59
3,195;0,410;0,410;4,312;207,82;41,02;264,22
3,200;0,410;0,410;4,258;206,14;41,02;264,22
3,205;0,425;0,420;4,194;204,16;42,48;264,86
3,210;0,425;0,430;4,121;201,88;42,48;265,49
3,215;0,430;0,435;4,038;199,29;42,97;265,81
3,220;0,435;0,439;3,955;196,70;43,46;266,13
3,225;0,439;0,454;3,857;193,65;43,95;267,08
3,230;0,449;0,459;3,750;190,30;44,92;267,40
3,235;0,459;0,479;3,633;186,64;45,90;268,68
3,240;0,469;0,483;3,516;182,99;46,88;268,99
3,245;0,479;0,498;3,379;178,72;47,85;269,95
3,250;0,493;0,513;3,252;174,76;49,32;270,90
3,255;0,508;0,527;3,110;170,34;50,78;271,86
3,260;0,522;0,542;2,969;165,93;52,25;272,81
3,265;0,532;0,557;2,832;161,66;53,22;273,77
3,270;0,552;0,566;2,690;157,24;55,18;274,40
3,275;0,566;0,586;2,554;152,98;56,64;275,67
3,280;0,591;0,605;2,412;148,56;59,08;276,95
3,285;0,605;0,625;2,271;144,14;60,55;278,22
3,290;0,620;0,640;2,139;140,03;62,01;279,17
3,295;0,645;0,659;2,007;135,91;64,45;280,45
3,300;0,664;0,684;1,885;132,10;66,41;282,04
3,305;0,684;0,703;1,763;128,30;68,36;283,31
3,310;0,708;0,728;1,650;124,79;70,80;284,90
3,315;0,732;0,752;1,548;121,59;73,24;286,49
3,320;0,747;0,771;1,450;118,55;74,71;287,76
3,325;0,771;0,801;1,357;115,65;77,15;289,67
3,330;0,791;0,820;1,270;112,91;79,10;290,94
3,335;0,811;0,850;1,191;110,47;81,05;292,85
3,340;0,825;0,869;1,128;108,49;82,52;294,12
3,345;0,845;0,889;1,064;106,51;84,47;295,40
3,350;0,854;0,918;1,006;104,68;85,45;297,31
3,355;0,874;0,937;0,952;103,01;87,40;298,58
3,360;0,889;0,962;0,908;101,64;88,87;300,17
3,365;0,894;0,996;0,869;100,42;89,36;302,40
3,370;0,908;1,016;0,830;99,20;90,82;303,67
3,375;0,918;1,035;0,801;98,28;91,80;304,94
3,380;0,928;1,055;0,781;97,68;92,77;306,21
3,385;0,933;1,079;0,752;96,76;93,26;307,80
3,390;0,937;1,104;0,737;96,30;93,75;309,39
3,395;0,942;1,123;0,718;95,69;94,24;310,67
3,400;0,947;1,147;0,703;95,24;94,73;312,26
3,405;0,952;1,162;0,698;95,09;95,21;313,21
3,410;0,957;1,182;0,679;94,48;95,70;314,48
3,415;0,952;1,196;0,669;94,17;95,21;315,44
3,420;0,962;1,211;0,664;94,02;96,19;316,39
3,425;0,962;1,221;0,640;93,26;96,19;317,03
3,430;0,962;1,235;0,649;93,56;96,19;317,98
3,435;0,967;1,250;0,640;93,26;96,68;318,94
3,440;0,962;1,255;0,640;93,26;96,19;319,26
3,445;0,967;1,260;0,630;92,95;96,68;319,57
3,450;0,967;1,270;0,625;92,80;96,68;320,21
3,455;0,972;1,279;0,625;92,80;97,17;320,85
3,460;0,972;1,289;0,615;92,50;97,17;321,48
3,465;0,972;1,289;0,610;92,34;97,17;321,48
3,470;0,977;1,294;0,605;92,19;97,66;321,80
3,475;0,977;1,304;0,601;92,04;97,66;322,44
3,480;0,977;1,309;0,596;91,89;97,66;322,75
3,485;0,981;1,313;0,591;91,73;98,14;323,07
3,490;0,977;1,318;0,586;91,58;97,66;323,39
3,495;0,981;1,328;0,581;91,43;98,14;324,03
3,500;0,981;1,328;0,576;91,28;98,14;324,03
3,505;0,981;1,333;0,596;91,89;98,14;324,35
3,510;0,981;1,338;0,571;91,12;98,14;324,66
3,515;0,981;1,338;0,566;90,97;98,14;324,66
3,520;0,981;1,343;0,562;90,82;98,14;324,98
3,525;0,981;1,348;0,562;90,82;98,14;325,30
3,530;0,986;1,348;0,557;90,67;98,63;325,30
3,535;0,986;1,357;0,552;90,51;98,63;325,94
3,540;0,981;1,357;0,557;90,67;98,14;325,94
3,545;0,986;1,357;0,552;90,51;98,63;325,94
3,550;0,986;1,362;0,552;90,51;98,63;326,25
3,555;0,986;1,367;0,547;90,36;98,63;326,57
3,560;0,986;1,367;0,547;90,36;98,63;326,57
3,565;0,986;1,367;0,547;90,36;98,63;326,57
3,570;0,986;1,367;0,547;90,36;98,63;326,57
3,575;0,986;1,372;0,547;90,36;98,63;326,89
3,580;0,986;1,367;0,547;90,36;98,63;326,57
3,585;0,986;1,367;0,537;90,06;98,63;326,57
3,590;0,981;1,372;0,542;90,21;98,14;326,89
3,595;0,986;1,357;0,537;90,06;98,63;325,94
3,600;0,986;1,372;0,542;90,21;98,63;326,89
3,605;0,986;1,367;0,537;90,06;98,63;326,57
3,610;0,986;1,367;0,537;90,06;98,63;326,57
3,615;0,981;1,367;0,537;90,06;98,14;326,57
3,620;0,986;1,367;0,537;90,06;98,63;326,57
3,625;0,986;1,367;0,537;90,06;98,63;326,57
3,630;0,981;1,367;0,537;90,06;98,14;326,57
3,635;0,986;1,367;0,532;89,91;98,63;326,57
3,640;0,986;1,357;0,532;89,91;98,63;325,94
3,645;0,986;1,357;0,532;89,91;98,63;325,94
3,650;0,986;1,357;0,532;89,91;98,63;325,94
3,655;0,981;1,357;0,532;89,91;98,14;325,94
3,660;0,981;1,353;0,532;89,91;98,14;325,62
3,665;0,986;1,348;0,532;89,91;98,63;325,30
3,670;0,981;1,348;0,527;89,75;98,14;325,30
3,675;0,986;1,348;0,527;89,75;98,63;325,30
3,680;0,981;1,343;0,532;89,91;98,14;324,98
3,685;0,981;1,338;0,527;89,75;98,14;324,66
3,690;0,981;1,338;0,527;89,75;98,14;324,66
3,695;0,986;1,333;0,527;89,75;98,63;324,35
3,700;0,981;1,328;0,527;89,75;98,14;324,03
3,705;0,977;1,328;0,527;89,75;97,66;324,03
3,710;0,981;1,328;0,527;89,75;98,14;324,03
3,715;0,981;1,323;0,527;89,75;98,14;323,71
3,720;0,981;1,318;0,527;89,75;98,14;323,39
3,725;0,981;1,318;0,527;89,75;98,14;323,39
3,730;0,977;1,313;0,527;89,75;97,66;323,07
3,735;0,981;1,309;0,527;89,75;98,14;322,75
3,740;0,981;1,309;0,527;89,75;98,14;322,75
3,745;0,981;1,304;0,532;89,91;98,14;322,44
3,750;0,981;1,299;0,527;89,75;98,14;322,12
3,755;0,977;1,299;0,527;89,75;97,66;322,12
3,760;0,977;1,299;0,527;89,75;97,66;322,12
3,765;0,977;1,294;0,527;89,75;97,66;321,80
3,770;0,977;1,289;0,527;89,75;97,66;321,48
3,775;0,977;1,289;0,527;89,75;97,66;321,48
3,780;0,977;1,289;0,527;89,75;97,66;321,48
3,785;0,977;1,279;0,522;89,60;97,66;320,85
3,790;0,977;1,279;0,527;89,75;97,66;320,85
3,795;0,977;1,279;0,527;89,75;97,66;320,85
3,800;0,977;1,270;0,527;89,75;97,66;320,21
3,805;0,972;1,270;0,527;89,75;97,17;320,21
3,810;0,977;1,270;0,522;89,60;97,66;320,21
3,815;0,977;1,265;0,527;89,75;97,66;319,89
3,820;0,977;1,260;0,527;89,75;97,66;319,57
3,825;0,981;1,260;0,522;89,60;98,14;319,57
3,830;0,972;1,260;0,527;89,75;97,17;319,57
3,835;0,977;1,255;0,527;89,75;97,66;319,26
3,840;0,972;1,255;0,527;89,75;97,17;319,26
3,845;0,977;1,250;0,527;89,75;97,66;318,94
3,850;0,977;1,250;0,527;89,75;97,66;318,94
3,855;0,972;1,250;0,527;89,75;97,17;318,94
3,860;0,972;1,250;0,527;89,75;97,17;318,94
3,865;0,972;1,255;0,527;89,75;97,17;319,26
3,870;0,972;1,240;0,527;89,75;97,17;318,30
3,875;0,977;1,240;0,532;89,91;97,66;318,30
3,880;0,972;1,240;0,527;89,75;97,17;318,30
3,885;0,972;1,230;0,527;89,75;97,17;317,67
3,890;0,972;1,230;0,527;89,75;97,17;317,67
3,895;0,972;1,230;0,522;89,60;97,17;317,67
3,900;0,972;1,230;0,527;89,75;97,17;317,67
3,905;0,967;1,230;0,513;89,30;96,68;317,67
3,910;0,972;1,221;0,527;89,75;97,17;317,03
3,915;0,972;1,226;0,527;89,75;97,17;317,35
3,920;0,967;1,221;0,527;89,75;96,68;317,03
3,925;0,967;1,221;0,508;89,14;96,68;317,03
3,930;0,967;1,216;0,527;89,75;96,68;316,71
3,935;0,967;1,211;0,527;89,75;96,68;316,39
3,940;0,967;1,211;0,527;89,75;96,68;316,39
3,945;0,967;1,211;0,527;89,75;96,68;316,39
3,950;0,967;1,211;0,527;89,75;96,68;316,39
3,955;0,962;1,211;0,527;89,75;96,19;316,39
3,960;0,967;1,211;0,527;89,75;96,68;316,39
3,965;0,967;1,201;0,527;89,75;96,68;315,76
3,970;0,967;1,201;0,527;89,75;96,68;315,76
3,975;0,967;1,201;0,527;89,75;96,68;315,76
3,980;0,967;1,201;0,527;89,75;96,68;315,76
3,985;0,967;1,196;0,527;89,75;96,68;315,44
3,990;0,962;1,201;0,527;89,75;96,19;315,76
3,995;0,967;1,191;0,527;89,75;96,68;315,12
4,000;0,967;1,196;0,527;89,75;96,68;315,44
4,005;0,962;1,191;0,522;89,60;96,19;315,12
4,010;0,967;1,191;0,527;89,75;96,68;315,12
4,015;0,962;1,191;0,518;89,45;96,19;315,12
4,020;0,967;1,187;0,527;89,75;96,68;314,80
4,025;0,967;1,182;0,513;89,30;96,68;314,48
4,030;0,962;1,182;0,527;89,75;96,19;314,48
4,035;0,967;1,182;0,522;89,60;96,68;314,48
4,040;0,962;1,182;0,527;89,75;96,19;314,48
4,045;0,967;1,182;0,527;89,75;96,68;314,48
4,050;0,967;1,182;0,527;89,75;96,68;314,48
4,055;0,962;1,177;0,527;89,75;96,19;314,17
4,060;0,962;1,177;0,527;89,75;96,19;314,17
4,065;0,962;1,177;0,527;89,75;96,19;314,17
4,070;0,962;1,172;0,527;89,75;96,19;313,85
4,075;0,962;1,172;0,527;89,75;96,19;313,85
4,080;0,962;1,172;0,527;89,75;96,19;313,85
4,085;0,962;1,172;0,522;89,60;96,19;313,85
4,090;0,962;1,172;0,522;89,60;96,19;313,85
4,095;0,962;1,167;0,527;89,75;96,19;313,53
4,100;0,962;1,162;0,527;89,75;96,19;313,21
4,105;0,957;1,162;0,532;89,91;95,70;313,21
4,110;0,962;1,162;0,522;89,60;96,19;313,21
4,115;0,957;1,162;0,527;89,75;95,70;313,21
4,120;0,962;1,157;0,527;89,75;96,19;312,89
4,125;0,962;1,157;0,522;89,60;96,19;312,89
4,130;0,957;1,157;0,527;89,75;95,70;312,89
4,135;0,962;1,152;0,522;89,60;96,19;312,58
4,140;0,957;1,152;0,527;89,75;95,70;312,58
4,145;0,962;1,152;0,527;89,75;96,19;312,58
4,150;0,962;1,152;0,527;89,75;96,19;312,58
4,155;0,957;1,152;0,527;89,75;95,70;312,58
4,160;0,962;1,147;0,522;89,60;96,19;312,26
4,165;0,957;1,143;0,527;89,75;95,70;311,94
4,170;0,957;1,143;0,527;89,75;95,70;311,94
4,175;0,957;1,143;0,527;89,75;95,70;311,94
4,180;0,957;1,143;0,527;89,75;95,70;311,94
4,185;0,957;1,143;0,527;89,75;95,70;311,94
4,190;0,957;1,143;0,527;89,75;95,70;311,94
4,195;0,957;1,138;0,527;89,75;95,70;311,62
4,200;0,957;1,138;0,527;89,75;95,70;311,62
4,205;0,957;1,133;0,527;89,75;95,70;311,30
4,210;0,957;1,138;0,522;89,60;95,70;311,62
4,215;0,957;1,133;0,518;89,45;95,70;311,30
4,220;0,957;1,133;0,527;89,75;95,70;311,30
4,225;0,957;1,133;0,527;89,75;95,70;311,30
4,230;0,957;1,133;0,527;89,75;95,70;311,30
4,235;0,957;1,128;0,527;89,75;95,70;310,98
4,240;0,957;1,133;0,527;89,75;95,70;311,30
4,245;0,957;1,123;0,527;89,75;95,70;310,67
4,250;0,957;1,123;0,527;89,75;95,70;310,67
4,255;0,952;1,123;0,527;89,75;95,21;310,67
4,260;0,957;1,123;0,527;89,75;95,70;310,67
4,265;0,952;1,123;0,527;89,75;95,21;310,67
4,270;0,957;1,118;0,527;89,75;95,70;310,35
4,275;0,957;1,123;0,522;89,60;95,70;310,67
4,280;0,952;1,118;0,527;89,75;95,21;310,35
4,285;0,957;1,113;0,527;89,75;95,70;310,03
4,290;0,957;1,113;0,527;89,75;95,70;310,03
4,295;0,957;1,113;0,527;89,75;95,70;310,03
4,300;0,952;1,113;0,527;89,75;95,21;310,03
4,305;0,952;1,113;0,527;89,75;95,21;310,03
4,310;0,952;1,113;0,527;89,75;95,21;310,03
4,315;0,952;1,113;0,522;89,60;95,21;310,03
4,320;0,952;1,108;0,522;89,60;95,21;309,71
4,325;0,957;1,108;0,527;89,75;95,70;309,71
4,330;0,952;1,104;0,527;89,75;95,21;309,39
4,335;0,952;1,104;0,522;89,60;95,21;309,39
4,340;0,952;1,104;0,527;89,75;95,21;309,39
4,345;0,952;1,104;0,527;89,75;95,21;309,39
4,350;0,952;1,104;0,527;89,75;95,21;309,39
4,355;0,952;1,104;0,527;89,75;95,21;309,39
4,360;0,952;1,104;0,522;89,60;95,21;309,39
4,365;0,952;1,104;0,527;89,75;95,21;309,39
4,370;0,952;1,099;0,527;89,75;95,21;309,08
4,375;0,952;1,094;0,522;89,60;95,21;308,76
4,380;0,947;1,099;0,527;89,75;94,73;309,08
4,385;0,952;1,099;0,522;89,60;95,21;309,08
4,390;0,952;1,094;0,527;89,75;95,21;308,76
4,395;0,952;1,094;0,522;89,60;95,21;308,76
4,400;0,952;1,094;0,527;89,75;95,21;308,76
4,405;0,947;1,094;0,527;89,75;94,73;308,76
4,410;0,952;1,094;0,522;89,60;95,21;308,76
4,415;0,952;1,094;0,522;89,60;95,21;308,76
4,420;0,952;1,084;0,527;89,75;95,21;308,12
4,425;0,947;1,089;0,527;89,75;94,73;308,44
4,430;0,947;1,089;0,527;89,75;94,73;308,44
4,435;0,957;1,084;0,527;89,75;95,70;308,12
4,440;0,947;1,084;0,527;89,75;94,73;308,12
4,445;0,952;1,084;0,527;89,75;95,21;308,12
4,450;0,952;1,084;0,527;89,75;95,21;308,12
4,455;0,947;1,084;0,527;89,75;94,73;308,12
4,460;0,952;1,084;0,522;89,60;95,21;308,12
4,465;0,952;1,074;0,527;89,75;95,21;307,49
4,470;0,952;1,079;0,527;89,75;95,21;307,80
4,475;0,952;1,084;0,532;89,91;95,21;308,12
4,480;0,947;1,079;0,527;89,75;94,73;307,80
4,485;0,952;1,074;0,527;89,75;95,21;307,49
4,490;0,947;1,079;0,527;89,75;94,73;307,80
4,495;0,952;1,074;0,527;89,75;95,21;307,49
4,500;0,947;1,074;0,527;89,75;94,73;307,49
4,505;0,947;1,074;0,527;89,75;94,73;307,49
4,510;0,947;1,074;0,522;89,60;94,73;307,49
4,515;0,947;1,074;0,527;89,75;94,73;307,49
4,520;0,947;1,074;0,527;89,75;94,73;307,49
4,525;0,947;1,074;0,537;90,06;94,73;307,49
4,530;0,947;1,069;0,527;89,75;94,73;307,17
4,535;0,952;1,069;0,527;89,75;95,21;307,17
4,540;0,947;1,069;0,527;89,75;94,73;307,17
4,545;0,952;1,064;0,527;89,75;95,21;306,85
4,550;0,947;1,064;0,522;89,60;94,73;306,85
4,555;0,942;1,064;0,527;89,75;94,24;306,85
4,560;0,947;1,064;0,522;89,60;94,73;306,85
4,565;0,947;1,064;0,527;89,75;94,73;306,85
4,570;0,947;1,064;0,527;89,75;94,73;306,85
4,575;0,947;1,055;0,522;89,60;94,73;306,21
4,580;0,942;1,064;0,527;89,75;94,24;306,85
4,585;0,947;1,064;0,522;89,60;94,73;306,85
4,590;0,947;1,064;0,527;89,75;94,73;306,85
4,595;0,947;1,055;0,527;89,75;94,73;306,21
4,600;0,947;1,060;0,522;89,60;94,73;306,53
4,605;0,947;1,060;0,527;89,75;94,73;306,53
4,610;0,947;1,055;0,522;89,60;94,73;306,21
4,615;0,947;1,060;0,532;89,91;94,73;306,53
4,620;0,947;1,055;0,527;89,75;94,73;306,21
4,625;0,947;1,055;0,547;90,36;94,73;306,21
4,630;0,942;1,055;0,527;89,75;94,24;306,21
4,635;0,947;1,055;0,518;89,45;94,73;306,21
4,640;0,947;1,055;0,527;89,75;94,73;306,21
4,645;0,947;1,055;0,527;89,75;94,73;306,21
4,650;0,947;1,055;0,522;89,60;94,73;306,21
4,655;0,942;1,055;0,527;89,75;94,24;306,21
4,660;0,942;1,055;0,527;89,75;94,24;306,21
4,665;0,942;1,055;0,527;89,75;94,24;306,21
4,670;0,947;1,050;0,527;89,75;94,73;305,89
4,675;0,942;1,050;0,522;89,60;94,24;305,89
4,680;0,942;1,050;0,527;89,75;94,24;305,89
4,685;0,947;1,050;0,527;89,75;94,73;305,89
4,690;0,942;1,045;0,527;89,75;94,24;305,58
4,695;0,947;1,045;0,527;89,75;94,73;305,58
4,700;0,947;1,045;0,522;89,60;94,73;305,58
4,705;0,942;1,045;0,547;90,36;94,24;305,58
4,710;0,947;1,045;0,522;89,60;94,73;305,58
4,715;0,947;1,045;0,522;89,60;94,73;305,58
4,720;0,942;1,045;0,527;89,75;94,24;305,58
4,725;0,947;1,040;0,522;89,60;94,73;305,26
4,730;0,947;1,045;0,522;89,60;94,73;305,58
4,735;0,947;1,040;0,522;89,60;94,73;305,26
4,740;0,947;1,045;0,518;89,45;94,73;305,58
4,745;0,942;1,040;0,518;89,45;94,24;305,26
4,750;0,947;1,040;0,513;89,30;94,73;305,26
4,755;0,947;1,040;0,513;89,30;94,73;305,26
4,760;0,952;1,045;0,508;89,14;95,21;305,58
4,765;0,952;1,045;0,503;88,99;95,21;305,58
4,770;0,952;1,045;0,498;88,84;95,21;305,58
4,775;0,957;1,040;0,493;88,69;95,70;305,26
4,780;0,957;1,045;0,493;88,69;95,70;305,58
4,785;0,957;1,045;0,469;87,93;95,70;305,58
4,790;0,962;1,045;0,483;88,38;96,19;305,58
4,795;0,957;1,045;0,479;88,23;95,70;305,58
4,800;0,962;1,045;0,474;88,08;96,19;305,58
4,805;0,962;1,055;0,474;88,08;96,19;306,21
4,810;0,962;1,050;0,474;88,08;96,19;305,89
4,815;0,962;1,050;0,469;87,93;96,19;305,89
4,820;0,962;1,055;0,469;87,93;96,19;306,21
4,825;0,967;1,055;0,464;87,77;96,68;306,21
4,830;0,967;1,055;0,459;87,62;96,68;306,21
4,835;0,967;1,055;0,454;87,47;96,68;306,21
4,840;0,967;1,055;0,454;87,47;96,68;306,21
4,845;0,967;1,055;0,454;87,47;96,68;306,21
4,850;0,972;1,055;0,449;87,32;97,17;306,21
4,855;0,967;1,055;0,449;87,32;96,68;306,21
4,860;0,967;1,055;0,449;87,32;96,68;306,21
4,865;0,972;1,055;0,444;87,16;97,17;306,21
4,870;0,972;1,055;0,444;87,16;97,17;306,21
4,875;0,972;1,055;0,444;87,16;97,17;306,21
4,880;0,972;1,055;0,444;87,16;97,17;306,21
4,885;0,972;1,060;0,439;87,01;97,17;306,53
4,890;0,977;1,055;0,439;87,01;97,66;306,21
4,895;0,972;1,055;0,439;87,01;97,17;306,21
4,900;0,977;1,055;0,435;86,86;97,66;306,21
4,905;0,977;1,055;0,435;86,86;97,66;306,21
4,910;0,972;1,060;0,435;86,86;97,17;306,53
4,915;0,977;1,055;0,435;86,86;97,66;306,21
4,920;0,977;1,055;0,435;86,86;97,66;306,21
4,925;0,977;1,055;0,435;86,86;97,66;306,21
4,930;0,977;1,060;0,430;86,71;97,66;306,53
4,935;0,972;1,055;0,430;86,71;97,17;306,21
4,940;0,977;1,055;0,430;86,71;97,66;306,21
4,945;0,977;1,060;0,430;86,71;97,66;306,53
4,950;0,977;1,055;0,430;86,71;97,66;306,21
4,955;0,977;1,060;0,430;86,71;97,66;306,53
4,960;0,977;1,055;0,430;86,71;97,66;306,21
4,965;0,977;1,055;0,425;86,55;97,66;306,21
4,970;0,977;1,055;0,430;86,71;97,66;306,21
4,975;0,977;1,055;0,425;86,55;97,66;306,21
4,980;0,977;1,055;0,425;86,55;97,66;306,21
4,985;0,977;1,055;0,400;85,79;97,66;306,21
4,990;0,977;1,055;0,425;86,55;97,66;306,21
4,995;0,977;1,055;0,425;86,55;97,66;306,21
5,000;0,977;1,055;0,425;86,55;97,66;306,21
5,005;0,977;1,055;0,420;86,40;97,66;306,21
5,010;0,977;1,055;0,425;86,55;97,66;306,21
5,015;0,981;1,055;0,420;86,40;98,14;306,21
5,020;0,977;1,055;0,425;86,55;97,66;306,21
5,025;0,977;1,055;0,420;86,40;97,66;306,21
5,030;0,977;1,055;0,420;86,40;97,66;306,21
5,035;0,967;1,055;0,420;86,40;96,68;306,21
5,040;0,977;1,055;0,420;86,40;97,66;306,21
5,045;0,977;1,055;0,420;86,40;97,66;306,21
5,050;0,977;1,055;0,420;86,40;97,66;306,21
5,055;0,977;1,055;0,420;86,40;97,66;306,21
5,060;0,977;1,050;0,420;86,40;97,66;305,89
5,065;0,981;1,055;0,420;86,40;98,14;306,21
5,070;0,977;1,050;0,420;86,40;97,66;305,89
5,075;0,977;1,055;0,420;86,40;97,66;306,21
5,080;0,977;1,045;0,420;86,40;97,66;305,58
5,085;0,977;1,055;0,420;86,40;97,66;306,21
5,090;0,977;1,050;0,420;86,40;97,66;305,89
5,095;0,977;1,045;0,420;86,40;97,66;305,58
5,100;0,972;1,045;0,415;86,25;97,17;305,58
5,105;0,977;1,045;0,415;86,25;97,66;305,58
5,110;0,977;1,045;0,420;86,40;97,66;305,58
5,115;0,977;1,045;0,425;86,55;97,66;305,58
5,120;0,977;1,045;0,420;86,40;97,66;305,58
5,125;0,977;1,045;0,425;86,55;97,66;305,58
5,130;0,977;1,045;0,420;86,40;97,66;305,58
5,135;0,977;1,045;0,415;86,25;97,66;305,58
5,140;0,977;1,045;0,420;86,40;97,66;305,58
5,145;0,981;1,045;0,420;86,40;98,14;305,58
5,150;0,972;1,045;0,420;86,40;97,17;305,58
5,155;0,977;1,040;0,420;86,40;97,66;305,26
5,160;0,977;1,040;0,420;86,40;97,66;305,26
5,165;0,977;1,040;0,420;86,40;97,66;305,26
5,170;0,977;1,040;0,420;86,40;97,66;305,26
5,175;0,977;1,040;0,420;86,40;97,66;305,26
5,180;0,977;1,035;0,420;86,40;97,66;304,94
5,185;0,977;1,040;0,420;86,40;97,66;305,26
5,190;0,977;1,035;0,420;86,40;97,66;304,94
5,195;0,977;1,045;0,415;86,25;97,66;305,58
5,200;0,972;1,035;0,420;86,40;97,17;304,94
5,205;0,977;1,035;0,415;86,25;97,66;304,94
5,210;0,977;1,035;0,420;86,40;97,66;304,94
5,215;0,977;1,035;0,415;86,25;97,66;304,94
5,220;0,977;1,035;0,420;86,40;97,66;304,94
5,225;0,972;1,035;0,405;85,94;97,17;304,94
5,230;0,977;1,035;0,420;86,40;97,66;304,94
5,235;0,977;1,035;0,435;86,86;97,66;304,94
5,240;0,977;1,035;0,420;86,40;97,66;304,94
5,245;0,977;1,035;0,415;86,25;97,66;304,94
5,250;0,967;1,030;0,420;86,40;96,68;304,62
5,255;0,972;1,035;0,420;86,40;97,17;304,94
5,260;0,977;1,035;0,420;86,40;97,66;304,94
5,265;0,977;1,030;0,420;86,40;97,66;304,62
5,270;0,972;1,035;0,420;86,40;97,17;304,94
5,275;0,972;1,030;0,420;86,40;97,17;304,62
5,280;0,977;1,030;0,415;86,25;97,66;304,62
5,285;0,972;1,030;0,420;86,40;97,17;304,62
5,290;0,977;1,030;0,420;86,40;97,66;304,62
5,295;0,977;1,030;0,420;86,40;97,66;304,62
5,300;0,972;1,025;0,420;86,40;97,17;304,30
5,305;0,977;1,025;0,415;86,25;97,66;304,30
5,310;0,972;1,025;0,420;86,40;97,17;304,30
5,315;0,977;1,025;0,420;86,40;97,66;304,30
5,320;0,977;1,025;0,420;86,40;97,66;304,30
5,325;0,972;1,025;0,420;86,40;97,17;304,30
5,330;0,977;1,025;0,415;86,25;97,66;304,30
5,335;0,972;1,025;0,420;86,40;97,17;304,30
5,340;0,972;1,025;0,420;86,40;97,17;304,30
5,345;0,977;1,025;0,415;86,25;97,66;304,30
5,350;0,972;1,025;0,420;86,40;97,17;304,30
5,355;0,977;1,025;0,420;86,40;97,66;304,30
5,360;0,972;1,021;0,420;86,40;97,17;303,99
5,365;0,967;1,021;0,420;86,40;96,68;303,99
5,370;0,977;1,025;0,420;86,40;97,66;304,30
5,375;0,972;1,021;0,415;86,25;97,17;303,99
5,380;0,972;1,021;0,420;86,40;97,17;303,99
5,385;0,977;1,021;0,435;86,86;97,66;303,99
5,390;0,972;1,021;0,420;86,40;97,17;303,99
5,395;0,972;1,021;0,420;86,40;97,17;303,99
5,400;0,972;1,021;0,420;86,40;97,17;303,99
5,405;0,977;1,016;0,420;86,40;97,66;303,67
5,410;0,972;1,021;0,420;86,40;97,17;303,99
5,415;0,972;1,016;0,420;86,40;97,17;303,67
5,420;0,972;1,016;0,420;86,40;97,17;303,67
5,425;0,977;1,016;0,420;86,40;97,66;303,67
5,430;0,977;1,016;0,415;86,25;97,66;303,67
5,435;0,977;1,025;0,415;86,25;97,66;304,30
5,440;0,967;1,016;0,420;86,40;96,68;303,67
5,445;0,972;1,016;0,420;86,40;97,17;303,67
5,450;0,972;1,016;0,420;86,40;97,17;303,67
5,455;0,972;1,016;0,420;86,40;97,17;303,67
5,460;0,977;1,016;0,420;86,40;97,66;303,67
5,465;0,972;1,016;0,420;86,40;97,17;303,67
5,470;0,972;1,016;0,415;86,25;97,17;303,67
5,475;0,972;1,016;0,415;86,25;97,17;303,67
5,480;0,972;1,016;0,420;86,40;97,17;303,67
5,485;0,972;1,016;0,415;86,25;97,17;303,67
5,490;0,967;1,016;0,420;86,40;96,68;303,67
5,495;0,977;1,016;0,415;86,25;97,66;303,67
5,500;0,972;1,016;0,420;86,40;97,17;303,67
5,505;0,972;1,016;0,420;86,40;97,17;303,67
5,510;0,977;1,011;0,420;86,40;97,66;303,35
5,515;0,972;1,016;0,420;86,40;97,17;303,67
5,520;0,972;1,011;0,420;86,40;97,17;303,35
5,525;0,972;1,016;0,415;86,25;97,17;303,67
5,530;0,972;1,011;0,420;86,40;97,17;303,35
5,535;0,972;1,011;0,420;86,40;97,17;303,35
5,540;0,967;1,006;0,420;86,40;96,68;303,03
5,545;0,972;1,011;0,415;86,25;97,17;303,35
5,550;0,972;1,011;0,420;86,40;97,17;303,35
5,555;0,967;1,006;0,420;86,40;96,68;303,03
5,560;0,977;1,006;0,415;86,25;97,66;303,03
5,565;0,967;1,006;0,420;86,40;96,68;303,03
5,570;0,972;1,006;0,415;86,25;97,17;303,03
5,575;0,972;1,006;0,420;86,40;97,17;303,03
5,580;0,972;1,006;0,420;86,40;97,17;303,03
5,585;0,972;1,006;0,420;86,40;97,17;303,03
5,590;0,972;1,006;0,415;86,25;97,17;303,03
5,595;0,972;1,006;0,415;86,25;97,17;303,03
5,600;0,972;1,006;0,420;86,40;97,17;303,03
5,605;0,972;1,006;0,415;86,25;97,17;303,03
5,610;0,972;1,006;0,415;86,25;97,17;303,03
5,615;0,967;1,006;0,420;86,40;96,68;303,03
5,620;0,972;1,006;0,420;86,40;97,17;303,03
5,625;0,972;1,006;0,415;86,25;97,17;303,03
5,630;0,967;1,006;0,420;86,40;96,68;303,03
5,635;0,977;1,001;0,415;86,25;97,66;302,71
5,640;0,967;1,006;0,420;86,40;96,68;303,03
5,645;0,967;1,001;0,420;86,40;96,68;302,71
5,650;0,972;1,006;0,420;86,40;97,17;303,03
5,655;0,967;1,006;0,420;86,40;96,68;303,03
5,660;0,967;1,001;0,415;86,25;96,68;302,71
5,665;0,967;1,001;0,415;86,25;96,68;302,71
5,670;0,972;1,001;0,420;86,40;97,17;302,71
5,675;0,972;1,006;0,415;86,25;97,17;303,03
5,680;0,967;1,001;0,420;86,40;96,68;302,71
5,685;0,967;0,986;0,420;86,40;96,68;301,76
5,690;0,972;1,001;0,420;86,40;97,17;302,71
5,695;0,972;0,986;0,420;86,40;97,17;301,76
5,700;0,972;1,001;0,415;86,25;97,17;302,71
5,705;0,967;1,001;0,420;86,40;96,68;302,71
5,710;0,967;0,996;0,415;86,25;96,68;302,40
5,715;0,972;0,996;0,425;86,55;97,17;302,40
5,720;0,967;0,996;0,415;86,25;96,68;302,40
5,725;0,972;0,996;0,425;86,55;97,17;302,40
5,730;0,967;1,001;0,420;86,40;96,68;302,71
5,735;0,972;0,996;0,415;86,25;97,17;302,40
5,740;0,967;0,996;0,420;86,40;96,68;302,40
5,745;0,972;0,996;0,415;86,25;97,17;302,40
5,750;0,967;0,996;0,420;86,40;96,68;302,40
5,755;0,967;0,996;0,420;86,40;96,68;302,40
5,760;0,967;0,996;0,415;86,25;96,68;302,40
5,765;0,967;0,996;0,420;86,40;96,68;302,40
5,770;0,967;0,996;0,420;86,40;96,68;302,40
5,775;0,972;0,996;0,420;86,40;97,17;302,40
5,780;0,967;0,996;0,420;86,40;96,68;302,40
5,785;0,967;0,996;0,420;86,40;96,68;302,40
5,790;0,967;0,996;0,420;86,40;96,68;302,40
5,795;0,967;0,986;0,415;86,25;96,68;301,76
5,800;0,967;0,996;0,420;86,40;96,68;302,40
5,805;0,967;1,001;0,420;86,40;96,68;302,71
5,810;0,967;0,991;0,420;86,40;96,68;302,08
5,815;0,967;0,996;0,420;86,40;96,68;302,40
5,820;0,967;0,996;0,420;86,40;96,68;302,40
5,825;0,972;0,996;0,415;86,25;97,17;302,40
5,830;0,967;0,991;0,420;86,40;96,68;302,08
5,835;0,967;0,991;0,439;87,01;96,68;302,08
5,840;0,967;0,991;0,420;86,40;96,68;302,08
5,845;0,967;0,991;0,435;86,86;96,68;302,08
5,850;0,967;0,991;0,415;86,25;96,68;302,08
5,855;0,967;0,991;0,420;86,40;96,68;302,08
5,860;0,967;0,986;0,420;86,40;96,68;301,76
5,865;0,967;0,986;0,420;86,40;96,68;301,76
5,870;0,967;0,991;0,415;86,25;96,68;302,08
5,875;0,967;0,986;0,415;86,25;96,68;301,76
5,880;0,967;0,991;0,420;86,40;96,68;302,08
5,885;0,967;0,986;0,415;86,25;96,68;301,76
5,890;0,967;0,986;0,415;86,25;96,68;301,76
5,895;0,962;0,986;0,420;86,40;96,19;301,76
5,900;0,967;0,986;0,415;86,25;96,68;301,76
5,905;0,962;0,986;0,420;86,40;96,19;301,76
5,910;0,967;0,986;0,420;86,40;96,68;301,76
5,915;0,967;0,986;0,415;86,25;96,68;301,76
5,920;0,967;0,986;0,420;86,40;96,68;301,76
5,925;0,967;0,991;0,415;86,25;96,68;302,08
5,930;0,967;0,986;0,420;86,40;96,68;301,76
5,935;0,967;0,986;0,420;86,40;96,68;301,76
5,940;0,972;0,986;0,415;86,25;97,17;301,76
5,945;0,967;0,986;0,415;86,25;96,68;301,76
5,950;0,967;0,986;0,415;86,25;96,68;301,76
5,955;0,967;0,986;0,420;86,40;96,68;301,76
5,960;0,967;0,986;0,420;86,40;96,68;301,76
5,965;0,967;0,986;0,420;86,40;96,68;301,76
5,970;0,967;0,986;0,420;86,40;96,68;301,76
5,975;0,967;0,986;0,420;86,40;96,68;301,76
5,980;0,967;0,986;0,420;86,40;96,68;301,76
5,985;0,967;0,986;0,420;86,40;96,68;301,76
5,990;0,972;0,986;0,420;86,40;97,17;301,76
5,995;0,967;0,986;0,420;86,40;96,68;301,76
6,000;0,967;0,981;0,415;86,25;96,68;301,44
6,005;0,967;0,986;0,420;86,40;96,68;301,76
6,010;0,967;0,986;0,420;86,40;96,68;301,76
6,015;0,967;0,981;0,420;86,40;96,68;301,44
6,020;0,967;0,981;0,420;86,40;96,68;301,44
6,025;0,967;0,986;0,420;86,40;96,68;301,76
6,030;0,967;0,986;0,420;86,40;96,68;301,76
6,035;0,962;0,986;0,420;86,40;96,19;301,76
6,040;0,967;0,981;0,420;86,40;96,68;301,44
6,045;0,967;0,981;0,415;86,25;96,68;301,44
6,050;0,967;0,986;0,415;86,25;96,68;301,76
6,055;0,967;0,981;0,420;86,40;96,68;301,44
6,060;0,967;0,986;0,420;86,40;96,68;301,76
6,065;0,967;0,981;0,420;86,40;96,68;301,44
6,070;0,967;0,986;0,420;86,40;96,68;301,76
6,075;0,967;0,981;0,420;86,40;96,68;301,44
6,080;0,967;0,981;0,420;86,40;96,68;301,44
6,085;0,962;0,986;0,420;86,40;96,19;301,76
6,090;0,967;0,981;0,415;86,25;96,68;301,44
6,095;0,967;0,981;0,420;86,40;96,68;301,44
6,100;0,967;0,977;0,420;86,40;96,68;301,12
6,105;0,967;0,981;0,420;86,40;96,68;301,44
6,110;0,967;0,981;0,420;86,40;96,68;301,44
6,115;0,967;0,977;0,415;86,25;96,68;301,12
6,120;0,967;0,981;0,420;86,40;96,68;301,44
6,125;0,967;0,981;0,420;86,40;96,68;301,44
6,130;0,967;0,981;0,415;86,25;96,68;301,44
6,135;0,962;0,981;0,420;86,40;96,19;301,44
6,140;0,967;0,977;0,415;86,25;96,68;301,12
6,145;0,967;0,977;0,420;86,40;96,68;301,12
6,150;0,967;0,977;0,420;86,40;96,68;301,12
6,155;0,967;0,977;0,420;86,40;96,68;301,12
6,160;0,962;0,977;0,415;86,25;96,19;301,12
6,165;0,967;0,977;0,415;86,25;96,68;301,12
6,170;0,967;0,977;0,420;86,40;96,68;301,12
6,175;0,967;0,977;0,420;86,40;96,68;301,12
6,180;0,967;0,977;0,415;86,25;96,68;301,12
6,185;0,957;0,977;0,420;86,40;95,70;301,12
6,190;0,967;0,977;0,415;86,25;96,68;301,12
6,195;0,967;0,977;0,420;86,40;96,68;301,12
6,200;0,962;0,977;0,420;86,40;96,19;301,12
6,205;0,967;0,967;0,420;86,40;96,68;300,49
6,210;0,962;0,977;0,420;86,40;96,19;301,12
6,215;0,967;0,977;0,415;86,25;96,68;301,12
6,220;0,967;0,977;0,420;86,40;96,68;301,12
6,225;0,967;0,977;0,420;86,40;96,68;301,12
6,230;0,967;0,977;0,415;86,25;96,68;301,12
6,235;0,962;0,977;0,420;86,40;96,19;301,12
6,240;0,967;0,977;0,420;86,40;96,68;301,12
6,245;0,972;0,977;0,420;86,40;97,17;301,12
6,250;0,967;0,977;0,420;86,40;96,68;301,12
6,255;0,972;0,977;0,420;86,40;97,17;301,12
6,260;0,967;0,977;0,420;86,40;96,68;301,12
6,265;0,967;0,977;0,415;86,25;96,68;301,12
6,270;0,967;0,977;0,420;86,40;96,68;301,12
6,275;0,967;0,977;0,415;86,25;96,68;301,12
6,280;0,967;0,977;0,415;86,25;96,68;301,12
6,285;0,962;0,977;0,420;86,40;96,19;301,12
6,290;0,967;0,977;0,415;86,25;96,68;301,12
6,295;0,967;0,972;0,420;86,40;96,68;300,80
6,300;0,967;0,977;0,415;86,25;96,68;301,12
6,305;0,967;0,986;0,415;86,25;96,68;301,76
6,310;0,962;0,977;0,415;86,25;96,19;301,12
6,315;0,967;0,977;0,420;86,40;96,68;301,12
6,320;0,967;0,977;0,420;86,40;96,68;301,12
6,325;0,967;0,977;0,420;86,40;96,68;301,12
6,330;0,967;0,977;0,415;86,25;96,68;301,12
6,335;0,962;0,977;0,405;85,94;96,19;301,12
6,340;0,967;0,977;0,415;86,25;96,68;301,12
6,345;0,967;0,977;0,444;87,16;96,68;301,12
6,350;0,962;0,977;0,420;86,40;96,19;301,12
6,355;0,972;0,977;0,415;86,25;97,17;301,12
6,360;0,967;0,977;0,420;86,40;96,68;301,12
6,365;0,967;0,972;0,415;86,25;96,68;300,80
6,370;0,967;0,977;0,420;86,40;96,68;301,12
6,375;0,967;0,977;0,420;86,40;96,68;301,12
6,380;0,967;0,977;0,420;86,40;96,68;301,12
6,385;0,967;0,977;0,415;86,25;96,68;301,12
6,390;0,967;0,977;0,415;86,25;96,68;301,12
6,395;0,967;0,977;0,420;86,40;96,68;301,12
6,400;0,967;0,977;0,420;86,40;96,68;301,12
6,405;0,967;0,977;0,415;86,25;96,68;301,12
6,410;0,962;0,977;0,420;86,40;96,19;301,12
6,415;0,967;0,977;0,415;86,25;96,68;301,12
6,420;0,967;0,977;0,420;86,40;96,68;301,12
6,425;0,962;0,972;0,420;86,40;96,19;300,80
6,430;0,967;0,972;0,415;86,25;96,68;300,80
6,435;0,962;0,972;0,430;86,71;96,19;300,80
6,440;0,967;0,972;0,415;86,25;96,68;300,80
6,445;0,967;0,972;0,405;85,94;96,68;300,80
6,450;0,967;0,972;0,420;86,40;96,68;300,80
6,455;0,967;0,972;0,425;86,55;96,68;300,80
6,460;0,962;0,972;0,420;86,40;96,19;300,80
6,465;0,962;0,972;0,420;86,40;96,19;300,80
6,470;0,967;0,972;0,415;86,25;96,68;300,80
6,475;0,967;0,967;0,420;86,40;96,68;300,49
6,480;0,967;0,967;0,415;86,25;96,68;300,49
6,485;0,962;0,972;0,420;86,40;96,19;300,80
6,490;0,967;0,967;0,420;86,40;96,68;300,49
6,495;0,967;0,967;0,420;86,40;96,68;300,49
6,500;0,967;0,967;0,420;86,40;96,68;300,49
6,505;0,967;0,967;0,415;86,25;96,68;300,49
6,510;0,962;0,967;0,420;86,40;96,19;300,49
6,515;0,967;0,967;0,420;86,40;96,68;300,49
6,520;0,967;0,967;0,415;86,25;96,68;300,49
6,525;0,967;0,967;0,415;86,25;96,68;300,49
6,530;0,967;0,967;0,420;86,40;96,68;300,49
6,535;0,962;0,967;0,420;86,40;96,19;300,49
6,540;0,967;0,967;0,420;86,40;96,68;300,49
6,545;0,967;0,967;0,405;85,94;96,68;300,49
6,550;0,962;0,967;0,420;86,40;96,19;300,49
6,555;0,967;0,967;0,420;86,40;96,68;300,49
6,560;0,967;0,972;0,420;86,40;96,68;300,80
6,565;0,967;0,967;0,420;86,40;96,68;300,49
6,570;0,967;0,967;0,415;86,25;96,68;300,49
6,575;0,962;0,967;0,420;86,40;96,19;300,49
6,580;0,967;0,967;0,415;86,25;96,68;300,49
6,585;0,962;0,967;0,420;86,40;96,19;300,49
6,590;0,967;0,967;0,420;86,40;96,68;300,49
6,595;0,967;0,967;0,420;86,40;96,68;300,49
6,600;0,967;0,967;0,420;86,40;96,68;300,49
6,605;0,967;0,967;0,415;86,25;96,68;300,49
6,610;0,962;0,967;0,420;86,40;96,19;300,49
6,615;0,967;0,967;0,420;86,40;96,68;300,49
6,620;0,962;0,967;0,420;86,40;96,19;300,49
6,625;0,967;0,967;0,420;86,40;96,68;300,49
6,630;0,967;0,967;0,420;86,40;96,68;300,49
6,635;0,962;0,967;0,420;86,40;96,19;300,49
6,640;0,967;0,967;0,420;86,40;96,68;300,49
6,645;0,967;0,967;0,420;86,40;96,68;300,49
6,650;0,967;0,967;0,420;86,40;96,68;300,49
6,655;0,957;0,967;0,420;86,40;95,70;300,49
6,660;0,962;0,967;0,420;86,40;96,19;300,49
6,665;0,967;0,967;0,405;85,94;96,68;300,49
6,670;0,967;0,967;0,415;86,25;96,68;300,49
6,675;0,967;0,967;0,420;86,40;96,68;300,49
6,680;0,967;0,967;0,415;86,25;96,68;300,49
6,685;0,962;0,967;0,420;86,40;96,19;300,49
6,690;0,967;0,967;0,415;86,25;96,68;300,49
6,695;0,962;0,967;0,420;86,40;96,19;300,49
6,700;0,967;0,967;0,420;86,40;96,68;300,49
6,705;0,967;0,972;0,420;86,40;96,68;300,80
6,710;0,962;0,967;0,420;86,40;96,19;300,49
6,715;0,967;0,967;0,415;86,25;96,68;300,49
6,720;0,967;0,967;0,420;86,40;96,68;300,49
